#Schema Version : 1.05.41.00,,,,,,,,,,,
#Populated DB Version : 01.26.02.00 (see the PopHistory.csv for details),,,,,,,,,,,
#Populated Date : 2026-01-27 09:04:44,,,,,,,,,,,
#ID,Attr0/Name/Ridx,Attr0/Name/Label,Attr0/UpLink/ParentClass,Attr0/UpLink/ParentObject,Area/IndirectLink/ObjectID,GenType/IndirectLink/ObjectID,Owner/IndirectLink/ObjectID,HighWaterLevel/Value/Value,LowWaterLevel/Value/Value,EQUTY/Indirect/ParentID,EQUTY/Indirect/ObjectID
1,ADU,안덕SS,3,1,2,0,0,0,0,58,18
2,BCJ,제주TPDP,3,1,2,17,3,0,0,58,18
3,DJE,동제주SS,3,1,2,0,0,0,0,58,18
4,HRA,한라SS,3,1,2,0,0,0,0,58,18
5,HRM,한림CC,3,1,2,7,5,0,0,58,18
6,NCJ,남제주TP,3,1,2,17,5,0,0,58,18
7,SES,성산SS,3,1,2,0,0,0,0,58,18
8,SJJ,신제주SS,3,1,2,0,0,0,0,58,18
9,SNS,신서귀SS,3,1,2,0,0,0,0,58,18
10,SZI,산지SS,3,1,2,0,0,0,0,58,18
11,HAR,한림SS,3,1,2,26,11,0,0,58,18
12,JCH,조천SS,3,1,2,0,0,0,0,58,18
13,CAR,차룡SS,3,2,1,0,0,0,0,58,18
14,CGG,창공SS,3,2,1,0,0,0,0,58,18
15,CLS,칠서SS,3,2,1,0,0,0,0,58,18
16,TGY,통영SS,3,2,1,0,0,0,0,58,18
17,CNG,창녕SS,3,2,1,0,0,0,0,58,18
18,COD,초동SS,3,2,1,0,0,0,0,58,18
19,ERY,의령PO,3,2,1,25,11,0,0,58,18
20,GCG,거창SS,3,2,1,29,10,0,0,58,18
21,GEY,개양SS,3,2,1,29,10,0,0,58,18
22,GJE,거제SS,3,2,1,29,10,0,0,58,18
23,GOS,고성SS,3,2,1,29,10,0,0,58,18
24,GRY,구룡SS,3,2,1,29,10,0,0,58,18
25,GYA,가야SS,3,2,1,29,10,0,0,58,18
26,HAC,합천SS,3,2,1,0,0,0,0,58,18
27,HBC,합천HP,3,2,1,2,7,0,0,58,18
28,HDG,하동TP,3,2,1,16,5,0,0,58,18
29,HDO,하동SS,3,2,1,0,0,0,0,58,18
30,HMY,함양SS,3,2,1,25,11,0,0,58,18
31,IHY,이현SS,3,2,1,0,0,0,0,58,18
32,JHE,진해SS,3,2,1,0,0,0,0,58,18
33,JIJ,진주SS,3,2,1,0,0,0,0,58,18
34,JND,진동SS,3,2,1,0,0,0,0,58,18
35,JYG,진영SS,3,2,1,0,0,0,0,58,18
36,MCN,마천SS,3,2,1,29,10,0,0,58,18
37,MSN,마산SS,3,2,1,29,10,0,0,58,18
38,MYG,밀양SS,3,2,1,29,10,0,0,58,18
39,NHE,남해SS,3,2,1,29,10,0,0,58,18
40,SAC,사천SS,3,2,1,29,10,0,0,58,18
41,SCE,산청PP,3,2,1,4,1,676.5,635,58,18
42,SCL,수출SS,3,2,1,29,10,0,0,58,18
43,SCP,삼천포SS,3,2,1,29,10,0,0,58,18
44,SEM,서마산SS,3,2,1,29,10,0,0,58,18
45,SGH,신김해PO,3,2,1,0,0,0,0,58,18
46,SGO,신고성PO,3,2,1,0,0,0,0,58,18
47,SMJ,삼정SS,3,2,1,29,10,0,0,58,18
48,SMS,신마산PO,3,2,1,0,0,0,0,58,18
49,SWL,신월SS,3,2,1,29,10,0,0,58,18
50,WAM,완암SS,3,2,1,0,0,0,0,58,18
51,WLR,월림SS,3,2,1,0,0,0,0,58,18
52,ANJ,안정SS,3,2,1,0,0,0,0,58,18
53,JGY,장유SS,3,2,1,0,0,0,0,58,18
54,JRI,중리SS,3,2,1,0,0,0,0,58,18
55,SC2,삼천포TP,3,2,1,16,2,0,0,58,18
56,SC3,삼천포2TP,3,2,1,16,2,0,0,58,18
57,AJU,아주SS,3,2,1,0,0,0,0,58,18
58,SAN,산청SS,3,2,1,29,10,0,0,58,18
59,ANM,안민SS,3,2,1,0,0,0,0,58,18
60,TJG,TJG,3,2,1,0,0,0,0,58,18
61,DEU,동읍SS,3,2,1,29,10,0,0,58,18
62,SAA,사남SS,3,2,1,29,10,0,0,58,18
63,ADG,안동HP,3,16,1,2,7,0,0,58,18
64,AND,안동SS,3,16,1,0,0,0,0,58,18
65,ASI,안심SS,3,3,1,0,0,0,0,58,18
66,BDG,봉덕SS,3,3,1,0,0,0,0,58,18
67,BML,범물SS,3,3,1,0,0,0,0,58,18
68,BPH,북포항SS,3,3,1,0,0,0,0,58,18
69,BYW,반야월SS,3,3,1,0,0,0,0,58,18
70,CDO,청도SS,3,3,1,0,0,0,0,58,18
71,CGO,칠곡SS,3,3,1,0,0,0,0,58,18
72,CHB,천북SS,3,3,1,0,0,0,0,58,18
73,CSA,침산SS,3,3,1,0,0,0,0,58,18
74,DIN,동인SS,3,3,1,0,0,0,0,58,18
75,DLS,달서SS,3,3,1,0,0,0,0,58,18
76,DSA,다산SS,3,3,1,0,0,0,0,58,18
77,DSG,달성SS,3,3,1,0,0,0,0,58,18
78,ESG,의성SS,3,16,1,0,0,0,0,58,18
79,GAM,구암SS,3,3,1,0,0,0,0,58,18
80,GGJ,경주SS,3,3,1,0,0,0,0,58,18
81,GMC,김천SS,3,3,1,0,0,0,0,58,18
82,GMD,검단SS,3,3,1,0,0,0,0,58,18
83,GMI,구미SS,3,16,1,0,0,0,0,58,18
84,GNW,군위SS,3,16,1,0,0,0,0,58,18
85,GOA,고아SS,3,16,1,0,0,0,0,58,18
86,GRO,고령PO,3,3,1,0,0,0,0,58,18
87,HOK,효목SS,3,3,1,0,0,0,0,58,18
88,IDG,인동SS,3,16,1,0,0,0,0,58,18
89,IHA,임하HP,3,16,1,2,7,0,0,58,18
90,JBO,진보SS,3,16,1,0,0,0,0,58,18
91,JMC,점촌SS,3,16,1,0,0,0,0,58,18
92,JRG,진량SS,3,3,1,0,0,0,0,58,18
93,KAC,강창SS,3,3,1,0,0,0,0,58,18
94,KWM,관음SS,3,3,1,0,0,0,0,58,18
95,NAD,내당SS,3,3,1,0,0,0,0,58,18
96,NBN,노변SS,3,3,1,0,0,0,0,58,18
97,NDG,남대구SS,3,3,1,0,0,0,0,58,18
98,NGG,논공SS,3,3,1,25,11,0,0,58,18
99,NGM,남구미SS,3,3,1,0,0,0,0,58,18
100,NID,남인동SS,3,16,1,0,0,0,0,58,18
101,OID,외동SS,3,3,1,0,0,0,0,58,18
102,PHE,평해SS,3,16,1,0,0,0,0,58,18
103,PHG,포항SS,3,3,1,0,0,0,0,58,18
104,SAJ,상정SS,3,3,1,0,0,0,0,58,18
105,SDG,서대구PO,3,3,1,0,0,0,0,58,18
106,SEJ,성주SS,3,3,1,0,0,0,0,58,18
107,SIN,상인SS,3,3,1,0,0,0,0,58,18
108,SKS,신경산PO,3,3,1,0,0,0,0,58,18
109,SNK,산격SS,3,3,1,0,0,0,0,58,18
110,SPH,신포항PO,3,3,1,0,0,0,0,58,18
111,SSA,선산PO,3,16,1,0,0,0,0,58,18
112,SSO,성서SS,3,3,1,0,0,0,0,58,18
113,SYJ,신영주PO,3,16,1,0,0,0,0,58,18
114,UJ2,한울2NP,3,16,1,19,1,0,0,58,18
115,UJN,한울NP,3,16,1,19,1,0,0,58,18
116,ULJ,울진SS,3,16,1,0,0,0,0,58,18
117,WRG,와룡SS,3,3,1,0,0,0,0,58,18
118,WSG,월성NP,3,3,1,19,1,0,0,58,18
119,YDE,영덕SS,3,16,1,0,0,0,0,58,18
120,YEC,예천SS,3,16,1,0,0,0,0,58,18
121,YEJ,영주SS,3,16,1,25,11,0,0,58,18
122,YGA,유가SS,3,3,1,0,0,0,0,58,18
123,YGC,영천SS,3,3,1,25,11,0,0,58,18
124,YIL,영일SS,3,3,1,0,0,0,0,58,18
125,DAN,동안동SS,3,16,1,0,0,0,0,58,18
126,UJ3,한울3NP,3,16,1,19,1,0,0,58,18
127,CGH,청하SS,3,3,1,0,0,0,0,58,18
128,GPG,공평SS,3,3,1,0,0,0,0,58,18
129,NPH,남포항SS,3,3,1,0,0,0,0,58,18
130,BHW,봉화SS,3,16,1,0,0,0,0,58,18
131,SCS,서침산SS,3,3,1,0,0,0,0,58,18
132,AHW,아화SS,3,3,1,0,0,0,0,58,18
133,KRG,금릉SS,3,3,1,0,0,0,0,58,18
134,GPP,광평SS,3,3,1,0,0,0,0,58,18
135,KJN,금전SS,3,16,1,0,0,0,0,58,18
136,SYL,신영일PO,3,3,1,0,0,0,0,58,18
137,PDL,팔달SS,3,3,1,0,0,0,0,58,18
138,DRU,두류SS,3,3,1,0,0,0,0,58,18
139,SJU,상주SS,3,16,1,0,0,0,0,58,18
140,CTG,청통SS,3,3,1,0,0,0,0,58,18
141,SAR,쌍림SS,3,3,1,0,0,0,0,58,18
142,CSG,청송PP,3,16,1,4,1,593,553,58,18
143,DAG,대송SS,3,3,1,0,0,0,0,58,18
144,JIN,자인SS,3,3,1,0,0,0,0,58,18
145,BDK,북대구PO,3,3,1,0,0,0,0,58,18
146,MKG,문경SS,3,16,1,0,0,0,0,58,18
147,PSC,포스코PO,3,3,1,0,0,0,0,58,18
148,YAB,양북SS,3,3,1,0,0,0,0,58,18
149,ANG,안계SS,3,16,1,0,0,0,0,58,18
150,DGU,대구PO,3,3,1,0,0,0,0,58,18
151,CHR,청리SS,3,16,1,0,0,0,0,58,18
152,GJI,구지SS,3,3,1,0,0,0,0,58,18
153,ASN,아산PO,3,4,1,0,0,0,0,58,18
154,BOE,보은SS,3,5,1,29,10,0,0,58,18
155,BRG,보령TP,3,4,1,16,3,0,0,58,18
156,BRC,보령CC,3,4,1,8,3,0,0,58,18
157,BYO,부여SS,3,4,1,0,0,0,0,58,18
158,CAN,천안SS,3,4,1,0,0,0,0,58,18
159,CYG,청양PO,3,4,1,0,0,0,0,58,18
160,DAJ,당진TP,3,4,1,16,6,0,0,58,18
161,DAS,대산SS,3,4,1,0,0,0,0,58,18
162,DCG,대청HP,3,4,1,2,7,0,0,58,18
163,DCN,대천SS,3,4,1,0,0,0,0,58,18
164,DDG,대덕SS,3,4,1,0,0,0,0,58,18
165,DDJ,동대전SS,3,4,1,0,0,0,0,58,18
166,DES,대산CC,3,4,1,8,8,0,0,58,18
167,DGJ,당진SS,3,4,1,0,0,0,0,58,18
168,DGN,덕진SS,3,4,1,0,0,0,0,58,18
169,DHA,대화SS,3,4,1,0,0,0,0,58,18
170,DJN,신당진PO,3,4,1,0,0,0,0,58,18
171,DMA,두마SS,3,4,1,0,0,0,0,58,18
172,DSN,둔산SS,3,4,1,0,0,0,0,58,18
173,EJN,은진SS,3,4,1,0,0,0,0,58,18
174,GMS,금산SS,3,4,1,0,0,0,0,58,18
175,GOJ,공주SS,3,4,1,0,0,0,0,58,18
176,GSW,가수원SS,3,4,1,0,0,0,0,58,18
177,HSG,홍성SS,3,4,1,0,0,0,0,58,18
178,INJ,인주SS,3,4,1,0,0,0,0,58,18
179,JCW,조치원SS,3,4,1,0,0,0,0,58,18
180,JHG,장항SS,3,4,1,0,0,0,0,58,18
181,JNE,전의SS,3,4,1,0,0,0,0,58,18
182,KCH,관창SS,3,4,1,0,0,0,0,58,18
183,LGB,GS당진복합,3,4,1,8,8,0,0,58,18
184,NDJ,남대전SS,3,4,1,0,0,0,0,58,18
185,OCN,옥천SS,3,5,1,29,10,0,0,58,18
186,OKS,옥산SS,3,4,1,0,0,0,0,58,18
187,OYG,온양SS,3,4,1,0,0,0,0,58,18
188,SCA,서천안SS,3,4,1,0,0,0,0,58,18
189,SSCN,신서천TP,3,4,1,16,3,0,0,58,18
190,SDJ,서대전SS,3,4,1,0,0,0,0,58,18
191,SEG,성거SS,3,4,1,0,0,0,0,58,18
192,SIL,신일SS,3,4,1,0,0,0,0,58,18
193,SOC,신옥천PO,3,5,1,0,0,0,0,58,18
194,SOK,송악SS,3,4,1,0,0,0,0,58,18
195,SPP,신풍SS,3,4,1,0,0,0,0,58,18
196,SSN,서산SS,3,4,1,0,0,0,0,58,18
197,STJ,신탄진SS,3,4,1,0,0,0,0,58,18
198,TAN,태안TP,3,4,1,16,4,0,0,58,18
199,TEA,태안SS,3,4,1,0,0,0,0,58,18
200,UCN,유천SS,3,4,1,0,0,0,0,58,18
201,YES,예산SS,3,4,1,25,11,0,0,58,18
202,YOD,영동SS,3,5,1,29,10,0,0,58,18
203,YSG,유성SS,3,4,1,0,0,0,0,58,18
204,TAJ,탕정SS,3,4,1,0,0,0,0,58,18
205,SGR,신계룡PO,3,4,1,25,11,0,0,58,18
206,SSS,신서산PO,3,4,1,0,0,0,0,58,18
207,TA2,태안2TP,3,4,1,16,4,0,0,58,18
208,DSS,대전열병합,3,4,1,16,8,0,0,58,18
209,SHE,신흥SS,3,4,1,0,0,0,0,58,18
210,DNP,둔포SS,3,4,1,0,0,0,0,58,18
211,WLS,월산SS,3,4,1,0,0,0,0,58,18
212,DCA,동천안SS,3,4,1,0,0,0,0,58,18
213,NOS,논산SS,3,4,1,0,0,0,0,58,18
214,SYN,성연SS,3,4,1,0,0,0,0,58,18
215,BLD,불당SS,3,4,1,0,0,0,0,58,18
216,AMN,안면SS,3,4,1,0,12,0,0,58,18
217,SOG,송강SS,3,4,1,0,0,0,0,58,18
218,DJI,둔지SS,3,4,1,0,0,0,0,58,18
219,HSM,한샘SS,3,4,1,0,0,0,0,58,18
220,SOY,신온양PO,3,4,1,0,0,0,0,58,18
221,LG2,GS당진복합2,3,4,1,8,8,0,0,58,18
222,JGJ,장재SS,3,4,1,0,0,0,0,58,18
223,BGM,봉명SS,3,5,1,29,10,0,0,58,18
224,BGP,북평SS,3,13,1,29,10,0,0,58,18
225,CGJ,충주SS,3,5,1,0,0,0,0,58,18
226,CHJ,청주SS,3,5,1,0,0,0,0,58,18
227,CJU,충주HP,3,5,1,2,7,0,0,58,18
228,CNC,춘천SS,3,13,1,29,10,0,0,58,18
229,CWN,남청주PO,3,5,1,0,0,0,0,58,18
230,DHE,동해PO,3,13,1,0,0,0,0,58,18
231,DOH,동해TP,3,13,1,16,6,0,0,58,18
232,DYG,단양SS,3,5,1,29,10,0,0,58,18
233,EUS,음성SS,3,5,1,29,10,0,0,58,18
234,GAP,가평SS,3,15,1,29,10,0,0,58,18
235,GRG,강릉SS,3,13,1,29,10,0,0,58,18
236,GWA,금왕SS,3,5,1,29,10,0,0,58,18
237,HGC,홍천SS,3,13,1,29,10,0,0,58,18
238,HGE,횡계SS,3,13,1,29,10,0,0,58,18
239,HGS,횡성SS,3,13,1,29,10,0,0,58,18
240,JCN,제천SS,3,5,1,0,0,0,0,58,18
241,JNC,진천SS,3,5,1,0,0,0,0,58,18
242,JPG,사리SS,3,5,1,29,10,0,0,58,18
243,JRM,죽림SS,3,5,1,0,0,0,0,58,18
244,JYN,장연SS,3,5,1,29,10,0,0,58,18
245,KSG,간성SS,3,13,1,29,10,0,0,58,18
246,MMG,문막SS,3,13,1,29,10,0,0,58,18
247,MSG,광혜원SS,3,5,1,29,10,0,0,58,18
248,NAC,남춘천SS,3,13,1,29,10,0,0,58,18
249,NWJ,남원주SS,3,13,1,29,10,0,0,58,18
250,PCG,평창SS,3,13,1,29,10,0,0,58,18
251,PDO,풍동SS,3,5,1,0,0,0,0,58,18
252,SCJ,서청주SS,3,5,1,29,10,0,0,58,18
253,SGN,상남SS,3,13,1,29,10,0,0,58,18
254,SJC,신제천PO,3,5,1,0,0,0,0,58,18
255,SKC,속초SS,3,13,1,25,11,0,0,58,18
256,SYG,소양강HP,3,13,1,2,7,0,0,58,18
257,TBG,태백SS,3,13,1,29,10,0,0,58,18
258,WNJ,원주SS,3,13,1,29,10,0,0,58,18
259,YDG,영동TP,3,13,1,23,2,0,0,58,18
260,YYG,양양SS,3,13,1,29,10,0,0,58,18
261,OCH,오창SS,3,5,1,29,10,0,0,58,18
262,SJK,사직SS,3,5,1,29,10,0,0,58,18
263,IJE,인제SS,3,13,1,29,10,0,0,58,18
264,SCK,삼척SS,3,13,1,29,10,0,0,58,18
265,GRT,GRT,3,13,1,0,0,0,0,58,18
266,YWL,영월CC,3,13,1,8,5,0,0,58,18
267,JMJ,주문진SS,3,13,1,29,10,0,0,58,18
268,JSN,정선SS,3,13,1,29,10,0,0,58,18
269,SJN,신진천PO,3,5,1,0,0,0,0,58,18
270,IWN,이원SS,3,13,1,29,10,0,0,58,18
271,WGM,왕암SS,3,5,1,29,10,0,0,58,18
272,STB,신태백PO,3,13,1,0,12,0,0,58,18
273,YGU,양구SS,3,13,1,29,10,0,0,58,18
274,YAA,양양PP,3,13,1,4,1,934,900,58,18
275,HCH,화천SS,3,13,1,29,10,0,0,58,18
276,COJ,초정SS,3,5,1,0,0,0,0,58,18
277,GHN,고한SS,3,13,1,29,10,0,0,58,18
278,BWJ,북원주SS,3,13,1,29,10,0,0,58,18
279,JUJ,주진SS,3,13,1,29,10,0,0,58,18
280,OSG,오송SS,3,5,1,29,10,0,0,58,18
281,BCH,북청주SS,3,5,1,29,10,0,0,58,18
282,DGE,도계SS,3,13,1,0,12,0,0,58,18
283,BGJ,북광주SS,3,6,1,29,10,0,0,58,18
284,BIA,비아SS,3,6,1,29,10,0,0,58,18
285,BKH,북항SS,3,6,1,29,10,0,0,58,18
286,BKY,벌교SS,3,6,1,29,10,0,0,58,18
287,CJG,충장SS,3,6,1,29,10,0,0,58,18
288,DBL,대불SS,3,6,1,29,10,0,0,58,18
289,DMY,담양SS,3,6,1,29,10,0,0,58,18
290,EMD,엄다SS,3,6,1,29,10,0,0,58,18
291,GAJ,강진SS,3,6,1,29,10,0,0,58,18
292,GOH,고흥SS,3,6,1,29,10,0,0,58,18
293,GRM,계림SS,3,6,1,29,10,0,0,58,18
294,GSG,곡성SS,3,6,1,29,10,0,0,58,18
295,HAN,하남SS,3,6,1,29,10,0,0,58,18
296,HEN,해남CS,3,6,1,0,0,0,0,58,18
297,HNA,해남SS,3,6,1,0,12,0,0,58,18
298,HNM,호남TP,3,6,1,0,12,0,0,58,18
299,HSU,화순SS,3,6,1,29,10,0,0,58,18
300,JHH,장흥SS,3,6,1,29,10,0,0,58,18
301,JSG,장성SS,3,6,1,29,10,0,0,58,18
302,JUM,주암HP,3,6,1,2,7,0,0,58,18
303,KYG,광양PO,3,6,1,0,0,0,0,58,18
304,MPO,목포SS,3,6,1,29,10,0,0,58,18
305,NGJ,남광주SS,3,6,1,29,10,0,0,58,18
306,NGS,농성SS,3,6,1,29,10,0,0,58,18
307,NJU,나주SS,3,6,1,29,10,0,0,58,18
308,NMC,남창SS,3,6,1,29,10,0,0,58,18
309,PTO,평동SS,3,6,1,29,10,0,0,58,18
310,SET,SET,3,6,1,0,0,0,0,58,18
311,SGJ,신광주PO,3,6,1,0,0,0,0,58,18
312,SKJ,신강진PO,3,6,1,0,0,0,0,58,18
313,SNC,순천SS,3,6,1,29,10,0,0,58,18
314,SSC,서순천SS,3,6,1,29,10,0,0,58,18
315,TGM,태금SS,3,6,1,29,10,0,0,58,18
316,YAM,영암SS,3,6,1,29,10,0,0,58,18
317,YCN,여천SS,3,6,1,29,10,0,0,58,18
318,YG2,한빛2NP,3,6,1,19,1,0,0,58,18
319,YG3,한빛3NP,3,6,1,19,1,0,0,58,18
320,YGG,한빛NP,3,6,1,19,1,0,0,58,18
321,YGN,영광SS,3,6,1,0,12,0,0,58,18
322,YOS,여수SS,3,6,1,29,10,0,0,58,18
323,YSU,여수TP,3,6,1,16,2,0,0,58,18
324,HNG,홍농SS,3,6,1,29,10,0,0,58,18
325,SHS,신화순PO,3,6,1,25,11,0,0,58,18
326,ILG,일곡SS,3,6,1,29,10,0,0,58,18
327,WND,완도SS,3,6,1,29,10,0,0,58,18
328,STE,소태SS,3,6,1,29,10,0,0,58,18
329,YLC,율촌SS,3,6,1,29,10,0,0,58,18
330,JCS_V,제주CS,3,6,1,0,0,0,0,58,18
331,YNG,용성SS,3,6,1,29,10,0,0,58,18
332,UNM,운남SS,3,6,1,0,12,0,0,58,18
333,GRE,구례SS,3,6,1,29,10,0,0,58,18
334,MWL,매월SS,3,6,1,29,10,0,0,58,18
335,JDO,진도SS,3,6,1,29,10,0,0,58,18
336,YCC,율촌CC,3,6,1,8,8,0,0,58,18
337,SGU,승주SS,3,6,1,29,10,0,0,58,18
338,HJG,화정SS,3,6,1,29,10,0,0,58,18
339,SRA,소라SS,3,6,1,29,10,0,0,58,18
340,KYJ,광양제철,3,6,1,0,0,0,0,58,18
341,KPP,광양CC,3,6,1,8,8,0,0,58,18
342,BSG,보성SS,3,6,1,0,12,0,0,58,18
343,HCI,화치SS,3,6,1,29,10,0,0,58,18
344,HSK,흑석SS,3,6,1,29,10,0,0,58,18
345,NAK,남악SS,3,6,1,29,10,0,0,58,18
346,BUN,백운SS,3,6,1,29,10,0,0,58,18
347,SOJ,송정SS,3,6,1,29,10,0,0,58,18
348,BND,분당CC,3,10,1,8,2,0,0,58,18
349,BPO,반포SS,3,7,1,0,0,0,0,58,18
350,CUW,천왕SS,3,7,1,0,0,0,0,58,18
351,CWL,초월SS,3,10,1,0,0,0,0,58,18
352,DCI,대치SS,3,7,1,0,0,0,0,58,18
353,DEB,대방SS,3,7,1,0,0,0,0,58,18
354,DSU,동서울PO,3,7,1,0,0,0,0,58,18
355,GAR,가락SS,3,7,1,0,0,0,0,58,18
356,GAY,가양SS,3,7,1,0,0,0,0,58,18
357,GDG,강동SS,3,7,1,0,0,0,0,58,18
358,GEP,개포SS,3,7,1,0,0,0,0,58,18
359,GGG,구공SS,3,7,1,0,0,0,0,58,18
360,GGO,감곡SS,3,5,1,29,10,0,0,58,18
361,GMY,광명SS,3,7,1,0,0,0,0,58,18
362,GUR,구로SS,3,7,1,0,0,0,0,58,18
363,HGO,화곡SS,3,7,1,0,0,0,0,58,18
364,ICH,이천SS,3,10,1,0,0,0,0,58,18
365,JSL,잠실SS,3,7,1,0,0,0,0,58,18
366,MKD,목동SS,3,7,1,0,0,0,0,58,18
367,NDL,노들SS,3,7,1,0,0,0,0,58,18
368,NRJ,노량진SS,3,7,1,0,0,0,0,58,18
369,ORU,오류SS,3,7,1,0,0,0,0,58,18
370,OSU,온수SS,3,7,1,0,0,0,0,58,18
371,PNB,풍납SS,3,7,1,0,0,0,0,58,18
372,SDA,사당SS,3,7,1,0,0,0,0,58,18
373,SEH,성현SS,3,10,1,0,0,0,0,58,18
374,SGI,신길SS,3,7,1,0,0,0,0,58,18
375,SHG,시흥SS,3,7,1,0,0,0,0,58,18
376,SIS,신사SS,3,7,1,0,0,0,0,58,18
377,SNJ,신장SS,3,7,1,0,0,0,0,58,18
378,SNM,산성SS,3,10,1,0,0,0,0,58,18
379,SNR,선릉SS,3,7,1,0,0,0,0,58,18
380,SOS,수서SS,3,7,1,0,0,0,0,58,18
381,SPA,송파SS,3,7,1,0,0,0,0,58,18
382,YEI,여의SS,3,7,1,0,0,0,0,58,18
383,YJE,신양재PO,3,7,1,0,0,0,0,58,18
384,YJI,양지SS,3,7,1,0,0,0,0,58,18
385,YJU,여주SS,3,10,1,0,0,0,0,58,18
386,YKS,역삼SS,3,7,1,0,0,0,0,58,18
387,YPG,양평SS,3,7,1,0,0,0,0,58,18
388,YSO,신광명PO,3,7,1,0,0,0,0,58,18
389,YTP,야탑SS,3,10,1,0,0,0,0,58,18
390,YMG,염곡SS,3,7,1,0,0,0,0,58,18
391,ESD,의사당SS,3,7,1,0,0,0,0,58,18
392,SRM,신림SS,3,7,1,0,0,0,0,58,18
393,YAC,양천SS,3,7,1,0,0,0,0,58,18
394,BGC,봉천SS,3,7,1,0,0,0,0,58,18
395,GYD,교대SS,3,7,1,0,0,0,0,58,18
396,NHN,논현SS,3,7,1,0,0,0,0,58,18
397,DKS,독산SS,3,7,1,0,0,0,0,58,18
398,MDY,목동TP,3,7,1,16,8,0,0,58,18
399,YDP,신문래PO,3,7,1,0,0,0,0,58,18
400,DOG,도곡SS,3,7,1,0,0,0,0,58,18
401,SCO,서초SS,3,7,1,0,0,0,0,58,18
402,YHN,율현SS,3,10,1,0,0,0,0,58,18
403,YGO,영오SS,3,7,1,0,0,0,0,58,18
404,JWN,중원SS,3,10,1,0,0,0,0,58,18
405,CHO,천호SS,3,7,1,0,0,0,0,58,18
406,JJA,정자SS,3,10,1,0,0,0,0,58,18
407,DCO,등촌SS,3,7,1,0,0,0,0,58,18
408,DRM,대림SS,3,7,1,0,0,0,0,58,18
409,KJA,곤지암PO,3,10,1,0,0,0,0,58,18
410,SIG,신정SS,3,7,1,0,0,0,0,58,18
411,SGC,석촌SS,3,7,1,0,0,0,0,58,18
412,BBS,북부산PO,3,8,1,0,0,0,0,58,18
413,BEJ,방어진SS,3,8,1,0,0,0,0,58,18
414,BMC,범천SS,3,8,1,0,0,0,0,58,18
415,BMN,부민SS,3,8,1,0,0,0,0,58,18
416,BSA,부산SS,3,8,1,0,0,0,0,58,18
417,BUS,북울산SS,3,8,1,0,0,0,0,58,18
418,CYO,처용SS,3,8,1,0,0,0,0,58,18
419,DAD,다대SS,3,8,1,0,0,0,0,58,18
420,DBS,대연SS,3,8,1,0,0,0,0,58,18
421,DRE,동래SS,3,8,1,0,0,0,0,58,18
422,DWB,DWB,3,8,1,0,0,0,0,58,18
423,EMG,엄궁SS,3,8,1,0,0,0,0,58,18
424,ENY,언양SS,3,8,1,0,0,0,0,58,18
425,GGM,개금SS,3,8,1,0,0,0,0,58,18
426,GHE,김해SS,3,2,1,29,10,0,0,58,18
427,GIJ,기장SS,3,8,1,0,0,0,0,58,18
428,GPO,구포SS,3,8,1,0,0,0,0,58,18
429,GR1,고리1NP,3,8,1,19,1,0,0,58,18
430,GR2,고리2NP,3,8,1,19,1,0,0,58,18
431,GSU,구서SS,3,8,1,0,0,0,0,58,18
432,HOM,효문SS,3,8,1,0,0,0,0,58,18
433,HPO,호포SS,3,8,1,0,0,0,0,58,18
434,JAD,좌동SS,3,8,1,0,0,0,0,58,18
435,MJG,명장SS,3,8,1,0,0,0,0,58,18
436,MNM,미남SS,3,8,1,0,0,0,0,58,18
437,MRA,모라SS,3,8,1,0,0,0,0,58,18
438,NBS,서부산PO,3,8,1,0,0,0,0,58,18
439,NSN,녹산SS,3,8,1,0,0,0,0,58,18
440,OKD,옥동SS,3,8,1,0,0,0,0,58,18
441,ONS,온산SS,3,8,1,0,0,0,0,58,18
442,SBS,학장SS,3,8,1,0,0,0,0,58,18
443,SCG,서창SS,3,8,1,0,0,0,0,58,18
444,SGA,삼계SS,3,2,1,29,10,0,0,58,18
445,SMA,산막SS,3,8,1,0,0,0,0,58,18
446,SMN,서면SS,3,8,1,0,0,0,0,58,18
447,SON,신온산PO,3,8,1,0,0,0,0,58,18
448,SPG,신평SS,3,8,1,0,0,0,0,58,18
449,SRJ,삼랑진PP,3,8,1,4,1,401.6,374.4,58,18
450,SUJ,수정SS,3,8,1,0,0,0,0,58,18
451,SUS,신울산PO,3,8,1,0,0,0,0,58,18
452,SUY,수영SS,3,8,1,0,0,0,0,58,18
453,SYS,신양산PO,3,8,1,0,0,0,0,58,18
454,UJU,울주PO,3,8,1,25,11,0,0,58,18
455,ULS,울산SS,3,8,1,25,11,0,0,58,18
456,US1,울산TPCC,3,8,1,8,6,0,0,58,18
457,YDO,영도SS,3,8,1,0,0,0,0,58,18
458,YGS,양산SS,3,8,1,0,0,0,0,58,18
459,YHO,용호SS,3,8,1,0,0,0,0,58,18
460,YJG,양정SS,3,8,1,0,0,0,0,58,18
461,YNM,영남파워CC,3,8,1,8,2,0,0,58,18
462,YOY,용연SS,3,8,1,0,0,0,0,58,18
463,JKD,직동SS,3,8,1,0,0,0,0,58,18
464,UDG,우동SS,3,8,1,0,0,0,0,58,18
465,DPO,덕포SS,3,8,1,0,0,0,0,58,18
466,WDT,WDT,3,8,1,0,0,0,0,58,18
467,MIT,MIT,3,8,1,0,0,0,0,58,18
468,WCN,웅촌SS,3,8,1,0,0,0,0,58,18
469,BSC,부산CC,3,8,1,8,5,0,0,58,18
470,JAR,장림SS,3,8,1,0,0,0,0,58,18
471,MAM,매암SS,3,8,1,0,0,0,0,58,18
472,BIL,범일SS,3,8,1,0,0,0,0,58,18
473,EBG,어방SS,3,2,1,0,0,0,0,58,18
474,JGB,정보SS,3,8,1,0,0,0,0,58,18
475,NKG,녹공SS,3,8,1,0,0,0,0,58,18
476,MRI,매리SS,3,2,1,29,10,0,0,58,18
477,JSA,지사SS,3,8,1,0,0,0,0,58,18
478,MGM,물금SS,3,8,1,0,0,0,0,58,18
479,YSA,연산SS,3,8,1,0,0,0,0,58,18
480,JGN,정관SS,3,8,1,0,0,0,0,58,18
481,AAM,안암SS,3,9,1,0,0,0,0,58,18
482,CCN,춘천HP,3,13,1,2,1,0,0,58,18
483,CEW,철원SS,3,13,1,29,12,0,0,58,18
484,CHD,창동SS,3,9,1,0,0,0,0,58,18
485,CPG,청평HP,3,9,1,2,1,0,0,58,18
486,CPP,청평PP,3,9,1,4,1,535,514,58,18
487,DDC,동두천SS,3,15,1,29,10,0,0,58,18
488,DDO,뚝도SS,3,9,1,0,0,0,0,58,18
489,DKE,덕계SS,3,15,1,29,10,0,0,58,18
490,DSO,덕소SS,3,15,1,29,10,0,0,58,18
491,DST,DST,3,9,1,0,0,0,0,58,18
492,EAM,의암HP,3,13,1,2,1,0,0,58,18
493,EPG,은평SS,3,9,1,0,0,0,0,58,18
494,GJA,군자SS,3,9,1,0,0,0,0,58,18
495,GJG,광장SS,3,9,1,0,0,0,0,58,18
496,GRI,구리SS,3,15,1,29,10,0,0,58,18
497,GUE,구의SS,3,9,1,0,0,0,0,58,18
498,HCN,화천HP,3,13,1,2,1,0,0,58,18
499,HIG,휘경SS,3,9,1,0,0,0,0,58,18
500,HIN,흥인SS,3,9,1,0,0,0,0,58,18
501,ILS,일산CC,3,15,1,8,6,0,0,58,18
502,JAG,중앙SS,3,9,1,0,0,0,0,58,18
503,JAM,종암SS,3,9,1,0,0,0,0,58,18
504,JID,지도SS,3,15,1,29,10,0,0,58,18
505,KMC,금촌SS,3,15,1,29,10,0,0,58,18
506,MAJ,마장SS,3,9,1,0,0,0,0,58,18
507,MAP,마포SS,3,9,1,0,0,0,0,58,18
508,MIA,미아SS,3,9,1,0,0,0,0,58,18
509,MIG,미금PO,3,15,1,0,0,0,0,58,18
510,MUS,문산SS,3,15,1,29,10,0,0,58,18
511,NEG,능곡SS,3,15,1,29,10,0,0,58,18
512,NOK,녹양SS,3,15,1,29,10,0,0,58,18
513,NOW,노원SS,3,9,1,0,0,0,0,58,18
514,OIN,옥인SS,3,9,1,0,0,0,0,58,18
515,PCH,포천SS,3,15,1,29,10,0,0,58,18
516,PDG,팔당HP,3,10,1,2,1,0,0,58,18
517,SCH,신촌SS,3,9,1,0,0,0,0,58,18
518,SGE,상계SS,3,9,1,0,0,0,0,58,18
519,SJR,세종로SS,3,9,1,0,0,0,0,58,18
520,SND,신당SS,3,9,1,0,0,0,0,58,18
521,SNE,신내SS,3,9,1,0,0,0,0,58,18
522,SNH,순화SS,3,9,1,0,0,0,0,58,18
523,SOM,서소문SS,3,9,1,0,0,0,0,58,18
524,SPO,송포SS,3,15,1,29,10,0,0,58,18
525,SSG,수색SS,3,9,1,0,0,0,0,58,18
526,SSM,쌍문SS,3,9,1,0,0,0,0,58,18
527,UNI,운니SS,3,9,1,0,0,0,0,58,18
528,WNM,원남SS,3,9,1,0,0,0,0,58,18
529,WSR,왕십리SS,3,9,1,0,0,0,0,58,18
530,YGJ,양주PO,3,15,1,0,0,0,0,58,18
531,YOM,용문SS,3,15,1,29,10,0,0,58,18
532,YSN,용산SS,3,9,1,0,0,0,0,58,18
533,JBU,중부PO,3,9,1,0,0,0,0,58,18
534,KMO,금오SS,3,15,1,29,10,0,0,58,18
535,DBG,동빙고SS,3,9,1,0,0,0,0,58,18
536,SED,성동PO,3,9,1,0,0,0,0,58,18
537,SWO,송우SS,3,15,1,29,10,0,0,58,18
538,NWY,노원TP,3,9,1,16,8,0,0,58,18
539,JNP,진접SS,3,15,1,29,10,0,0,58,18
540,NKB,녹번SS,3,9,1,0,0,0,0,58,18
541,YND,연대SS,3,9,1,0,0,0,0,58,18
542,SDM,서대문SS,3,9,1,0,0,0,0,58,18
543,DAM,돈암SS,3,9,1,0,0,0,0,58,18
544,SAM,상암SS,3,9,1,0,0,0,0,58,18
545,AHN,아현SS,3,9,1,0,0,0,0,58,18
546,WNC,운천SS,3,15,1,29,10,0,0,58,18
547,JEG,전곡SS,3,15,1,29,10,0,0,58,18
548,HAM,한남SS,3,9,1,0,0,0,0,58,18
549,MAS,마석SS,3,15,1,29,10,0,0,58,18
550,JKE,중계SS,3,9,1,0,0,0,0,58,18
551,SGP,신가평PO,3,15,1,0,0,0,0,58,18
552,DIR,당인리SS,3,9,1,0,0,0,0,58,18
553,JRO,종로SS,3,9,1,0,0,0,0,58,18
554,SDU,신덕은PO,3,15,1,0,0,0,0,58,18
555,JJE,지제SS,3,15,1,29,10,0,0,58,18
556,MBL,문발SS,3,15,1,29,10,0,0,58,18
557,HYG,화양SS,3,9,1,0,0,0,0,58,18
558,HOS,호수SS,3,15,1,29,10,0,0,58,18
559,BSK,백석SS,3,15,1,29,10,0,0,58,18
560,SNU,선유SS,3,15,1,29,10,0,0,58,18
561,ANY,안양SS,3,10,1,0,0,0,0,58,18
562,ASA,안산SS,3,10,1,0,0,0,0,58,18
563,ASG,안성SS,3,10,1,0,0,0,0,58,18
564,BNW,반월SS,3,10,1,29,10,0,0,58,18
565,DAY,동안양SS,3,10,1,29,10,0,0,58,18
566,DSW,동수원SS,3,10,1,29,10,0,0,58,18
567,ELT,ELT,3,10,1,0,0,0,0,58,18
568,EWA,의왕SS,3,10,1,0,0,0,0,58,18
569,GCN,과천SS,3,7,1,0,0,0,0,58,18
570,HWS,화성PO,3,10,1,0,0,0,0,58,18
571,ILD,일동SS,3,10,1,0,0,0,0,58,18
572,MRE,목내SS,3,10,1,29,10,0,0,58,18
573,NSW,남수원SS,3,10,1,29,10,0,0,58,18
574,OSN,오산SS,3,10,1,0,0,0,0,58,18
575,PGC,평촌SS,3,10,1,0,0,0,0,58,18
576,PGT,평택SS,3,10,1,0,0,0,0,58,18
577,POS,포승SS,3,10,1,0,0,0,0,58,18
578,PTC,평택CC,3,10,1,0,0,0,0,58,18
579,PTG,평택TP,3,10,1,0,0,0,0,58,18
580,SAG,사강SS,3,10,1,0,0,0,0,58,18
581,SBO,산본SS,3,10,1,0,0,0,0,58,18
582,SEN,신성남PO,3,10,1,0,0,0,0,58,18
583,SIH,시화SS,3,10,1,0,0,0,0,58,18
584,SJI,수지SS,3,10,1,0,0,0,0,58,18
585,SNG,신갈SS,3,10,1,0,0,0,0,58,18
586,SSU,서서울PO,3,10,1,0,0,0,0,58,18
587,SSW,서수원SS,3,10,1,0,0,0,0,58,18
588,STN,송탄SS,3,10,1,0,0,0,0,58,18
589,SYI,신용인PO,3,10,1,25,11,0,0,58,18
590,UMN,우만SS,3,10,1,0,0,0,0,58,18
591,WJG,원정SS,3,10,1,0,0,0,0,58,18
592,YIN,용인SS,3,10,1,0,0,0,0,58,18
593,ASD,안산TP,3,10,1,16,8,0,0,58,18
594,SAS,신안성PO,3,10,1,0,0,0,0,58,18
595,BAL,발안SS,3,10,1,29,10,0,0,58,18
596,YLJ,율전SS,3,10,1,0,0,0,0,58,18
597,SEP,성포SS,3,10,1,0,0,0,0,58,18
598,CPH,추팔SS,3,10,1,0,0,0,0,58,18
599,SNB,수원TP,3,10,1,16,8,0,0,58,18
600,NAS,남안산SS,3,10,1,29,10,0,0,58,18
601,SUW,신수원PO,3,10,1,0,0,0,0,58,18
602,OSE,명품오산열병합,3,10,1,8,8,0,0,58,18
603,NSA,남사SS,3,10,1,29,10,0,0,58,18
604,ANS,신안산PO,3,10,1,0,0,0,0,58,18
605,SAY,서안양SS,3,10,1,0,0,0,0,58,18
606,BJM,병점SS,3,10,1,0,0,0,0,58,18
607,SEW,서운SS,3,10,1,0,0,0,0,58,18
608,JGD,장덕SS,3,10,1,0,0,0,0,58,18
609,DBK,동백SS,3,10,1,29,10,0,0,58,18
610,JSH,중시화SS,3,10,1,0,0,0,0,58,18
611,JKJ,죽전SS,3,10,1,0,0,0,0,58,18
612,SMI,삼미SS,3,10,1,0,0,0,0,58,18
613,JOA,조암SS,3,10,1,0,0,0,0,58,18
614,CGB,청북SS,3,10,1,0,0,0,0,58,18
615,HWG,화성열병합CC,3,10,1,8,8,0,0,58,18
616,SGK,성곡SS,3,10,1,0,0,0,0,58,18
617,KHG,기흥SS,3,10,1,29,10,0,0,58,18
618,WNK,원곡SS,3,10,1,0,0,0,0,58,18
619,JJU,정주SS,3,11,1,29,10,0,0,58,18
620,ISL,임실SS,3,11,1,29,10,0,0,58,18
621,DJJ,동전주SS,3,11,1,29,10,0,0,58,18
622,JNJ,전주SS,3,11,1,29,10,0,0,58,18
623,MUJ,무주SS,3,11,1,29,10,0,0,58,18
624,NMW,남원SS,3,11,1,29,10,0,0,58,18
625,NJJ,남전주SS,3,11,1,29,10,0,0,58,18
626,BJE,북전주SS,3,11,1,29,10,0,0,58,18
627,TPG,태평SS,3,11,1,29,10,0,0,58,18
628,JNG,정공SS,3,11,1,29,10,0,0,58,18
629,GCH,고창SS,3,11,1,29,10,0,0,58,18
630,BAN,부안SS,3,11,1,29,10,0,0,58,18
631,JNA,진안SS,3,11,1,29,10,0,0,58,18
632,KMJ,신김제PO,3,11,1,25,11,0,0,58,18
633,SNW,신남원PO,3,11,1,25,11,0,0,58,18
634,GNG,군공SS,3,11,1,29,10,0,0,58,18
635,IRI,이리SS,3,11,1,29,10,0,0,58,18
636,GMJ,김제SS,3,11,1,25,10,0,0,58,18
637,PBG,팔봉SS,3,11,1,29,10,0,0,58,18
638,NCH,내초SS,3,11,1,29,10,0,0,58,18
639,HYL,함열SS,3,11,1,29,10,0,0,58,18
640,YDD,영등SS,3,11,1,29,10,0,0,58,18
641,DGS,동군산SS,3,11,1,29,10,0,0,58,18
642,SGS,서군산SS,3,11,1,29,10,0,0,58,18
643,GNS,군산PO,3,11,1,0,0,0,0,58,18
644,SJG,칠보HP,3,11,1,2,1,0,0,58,18
645,YDA,용담HP,3,11,1,2,7,0,0,58,18
646,MJU,무주PP,3,11,1,4,1,860,832,58,18
647,SEK,서곡SS,3,11,1,29,10,0,0,58,18
648,GCS,서고창SS,3,11,1,29,10,0,0,58,18
649,WMI,원미SS,3,12,1,0,0,0,0,58,18
650,SGW,송월SS,3,12,1,0,0,0,0,58,18
651,BIC,북인천SS,3,12,1,0,0,0,0,58,18
652,GYG,계양SS,3,12,1,0,0,0,0,58,18
653,YAG,양곡SS,3,12,1,0,0,0,0,58,18
654,KAH,강화SS,3,12,1,0,0,0,0,58,18
655,YNS,연수SS,3,12,1,0,0,0,0,58,18
656,INC,인천SS,3,12,1,0,0,0,0,58,18
657,DOC,동춘SS,3,12,1,0,0,0,0,58,18
658,KSO,경서SS,3,12,1,0,0,0,0,58,18
659,BCN,부천SS,3,12,1,0,0,0,0,58,18
660,KWG,관교SS,3,12,1,0,0,0,0,58,18
661,YJO,영종SS,3,12,1,0,0,0,0,58,18
662,NIC,남인천SS,3,12,1,0,0,0,0,58,18
663,JDG,중동SS,3,12,1,0,0,0,0,58,18
664,HKI,학익SS,3,12,1,0,0,0,0,58,18
665,NMD,남동SS,3,12,1,0,0,0,0,58,18
666,BHG,부흥SS,3,12,1,0,0,0,0,58,18
667,IMH,임학SS,3,12,1,0,0,0,0,58,18
668,MSU,만수SS,3,12,1,0,0,0,0,58,18
669,BUG,부개SS,3,12,1,0,0,0,0,58,18
670,SBP,신부평PO,3,12,1,0,0,0,0,58,18
671,SHY,신현SS,3,12,1,0,0,0,0,58,18
672,SCC,신경서PO,3,12,1,0,0,0,0,58,18
673,BUC,부천CC,3,12,1,8,8,0,0,58,18
674,SI1,서인천CC,3,12,1,8,4,0,0,58,18
675,HWA,포스코CC,3,12,1,8,8,0,0,58,18
676,SI3,신인천CC,3,12,1,8,5,0,0,58,18
677,ICN,인천CC,3,12,1,8,3,0,0,58,18
678,SHN,송현SS,3,12,1,0,0,0,0,58,18
679,SDO,송도SS,3,12,1,0,0,0,0,58,18
680,YGK,역곡SS,3,12,1,0,0,0,0,58,18
681,SIC,신가좌PO,3,12,1,0,0,0,0,58,18
682,WCG,원창SS,3,12,1,0,0,0,0,58,18
683,JAN,주안SS,3,12,1,0,0,0,0,58,18
684,OBO,오봉SS,3,12,1,0,0,0,0,58,18
685,KPO,김포SS,3,12,1,0,0,0,0,58,18
686,GKG,고강SS,3,12,1,0,0,0,0,58,18
687,NNH,논현열병합,3,12,1,16,8,0,0,58,18
688,CHC,청천SS,3,12,1,0,0,0,0,58,18
689,SSH,신시흥PO,3,12,1,0,0,0,0,58,18
690,YHG,영흥TP,3,12,1,16,2,0,0,58,18
691,BSH,북시화SS,3,12,1,0,0,0,0,58,18
692,SHI,서시화SS,3,12,1,0,0,0,0,58,18
693,SOR,소래SS,3,12,1,0,0,0,0,58,18
694,NSH,남시화SS,3,12,1,0,0,0,0,58,18
695,HMI,해미SS,3,4,1,0,0,0,0,58,18
696,YUN,용운SS,3,4,1,0,0,0,0,58,18
697,YCO,양촌SS,3,12,1,0,0,0,0,58,18
698,DSH,동시화SS,3,12,1,0,0,0,0,58,18
699,DS2,다사SS,3,3,1,0,0,0,0,58,18
700,HVT,HVT,3,2,1,0,0,0,0,58,18
701,DPK,동판교SS,3,10,1,29,10,0,0,58,18
702,BCC,북춘천SS,3,13,1,29,10,0,0,58,18
703,GSN,군산CC,3,11,1,8,4,0,0,58,18
704,JIW,진위SS,3,10,1,0,0,0,0,58,18
705,SEO,성수SS,3,9,1,0,0,0,0,58,18
706,SRO,소룡SS,3,11,1,29,10,0,0,58,18
707,HGD,흥덕SS,3,10,1,0,0,0,0,58,18
708,GNJ,군장SS,3,11,1,29,10,0,0,58,18
709,SBG,사봉SS,3,2,1,29,10,0,0,58,18
710,MNH,만호SS,3,10,1,29,10,0,0,58,18
711,SAD,산동SS,3,16,1,0,0,0,0,58,18
712,HWN,화원SS,3,6,1,29,10,0,0,58,18
713,DYW,동영월SS,3,13,1,29,10,0,0,58,18
714,SGB,상봉SS,3,9,1,0,0,0,0,58,18
715,BGR,북강릉SS,3,13,1,29,10,0,0,58,18
716,SKR,신고리NP,3,8,1,19,1,0,0,58,18
717,NPO,노포SS,3,8,1,0,0,0,0,58,18
718,NCN,내촌SS,3,15,1,29,10,0,0,58,18
719,BGD,봉동SS,3,11,1,29,10,0,0,58,18
720,JGS,장수SS,3,11,1,29,10,0,0,58,18
721,SAK,삼죽SS,3,10,1,0,0,0,0,58,18
722,MHN,모현SS,3,10,1,29,10,0,0,58,18
723,SPK,서판교SS,3,10,1,0,0,0,0,58,18
724,SGY,세교SS,3,10,1,0,0,0,0,58,18
725,SDY,송도열병합CC,3,12,1,8,8,0,0,58,18
726,SPJ,신파주PO,3,15,1,0,0,0,0,58,18
727,SYY,신양양PO,3,13,1,0,0,0,0,58,18
728,HJC,현대제철,3,4,1,0,0,0,0,58,18
729,SHC,서홍천SS,3,13,1,29,10,0,0,58,18
730,STG,신탕정PO,3,4,1,0,0,0,0,58,18
731,WLB,월배SS,3,3,1,0,0,0,0,58,18
732,WRO,월롱SS,3,15,1,29,10,0,0,58,18
733,DNM,동남SS,3,7,1,0,0,0,0,58,18
734,IAP,인천공항에너지,3,12,1,8,8,0,0,58,18
735,SWS,신월성NP,3,3,1,19,1,0,0,58,18
736,PSA,풍산SS,3,16,1,0,0,0,0,58,18
737,ISU,이수SS,3,7,1,0,0,0,0,58,18
738,BSD,북송도SS,3,12,1,0,0,0,0,58,18
739,SSJ,삼성전자PO,3,10,1,0,0,0,0,58,18
740,GNM,가남SS,3,10,1,29,10,0,0,58,18
741,DJS,대전서남부TP,3,4,1,16,8,0,0,58,18
742,PJG,파주열병합CC,3,15,1,8,8,0,0,58,18
743,WAS,서안성PO,3,10,1,25,11,0,0,58,18
744,BMU,봉무SS,3,3,1,0,0,0,0,58,18
745,CRA,청라SS,3,12,1,0,0,0,0,58,18
746,JGI,장기SS,3,12,1,0,0,0,0,58,18
747,SST,SST,3,2,1,0,0,0,0,58,18
748,PNG,판교열병합CC,3,10,1,8,8,0,0,58,18
749,MJI,명지SS,3,8,1,0,0,0,0,58,18
750,SBN,신봉SS,3,10,1,0,0,0,0,58,18
751,OPO,오포SS,3,10,1,0,0,0,0,58,18
752,AJA,안좌SS,3,6,1,29,10,0,0,58,18
753,YCH,예천PP,3,16,1,4,1,711,682.9,58,18
754,MCH,구문천SS,3,10,1,29,10,0,0,58,18
755,SKG,석곡SS,3,4,1,0,0,0,0,58,18
756,NSE,농서SS,3,10,1,29,10,0,0,58,18
757,IUE,이의SS,3,10,1,0,0,0,0,58,18
758,SKP,신김포PO,3,12,1,0,0,0,0,58,18
759,GNC,건천SS,3,3,1,0,0,0,0,58,18
760,EHA,은하SS,3,4,1,0,0,0,0,58,18
761,HAY,하양SS,3,3,1,0,0,0,0,58,18
762,IBS,입실SS,3,3,1,0,0,0,0,58,18
763,TNJ,통진SS,3,12,1,0,0,0,0,58,18
764,SPC,신포천PO,3,15,1,0,0,0,0,58,18
765,CBU,추부SS,3,4,1,0,0,0,0,58,18
766,SAI,상일SS,3,7,1,0,0,0,0,58,18
767,YSD,여수산단SS,3,6,1,0,0,0,0,58,18
768,GSA,국사SS,3,5,1,29,10,0,0,58,18
769,SGD,율량SS,3,5,1,29,10,0,0,58,18
770,BLN,별내SS,3,15,1,29,10,0,0,58,18
771,DGI,덕이SS,3,15,1,29,10,0,0,58,18
772,SJE,서제주변환소,3,1,2,26,11,0,0,58,18
773,DNN,둔내SS,3,13,1,29,10,0,0,58,18
774,SCU,신충주PO,3,5,1,25,11,0,0,58,18
775,PNS,팽성SS,3,10,1,0,0,0,0,58,18
776,NMM,남면SS,3,15,1,29,10,0,0,58,18
777,JDC,진도CS,3,6,1,0,0,0,0,58,18
778,PSN,표선SS,3,1,2,0,0,0,0,58,18
779,EMO,어모SS,3,3,1,0,0,0,0,58,18
780,SNN,신녹산PO,3,8,1,0,0,0,0,58,18
781,OHS,오성CC,3,10,1,8,8,0,0,58,18
782,WSJ,서세종SS,3,4,1,0,0,0,0,58,18
783,KKG,광교열병합CC,3,10,1,8,8,0,0,58,18
784,MBK,마북SS,3,10,1,29,10,0,0,58,18
785,YDU,용두SS,3,9,1,0,0,0,0,58,18
786,DOR,도림SS,3,12,1,0,0,0,0,58,18
787,BNG,방산SS,3,9,1,0,0,0,0,58,18
788,SJE_V,서제주CS,3,6,1,0,0,0,0,58,18
789,HMS,호매실SS,3,10,1,0,0,0,0,58,18
790,BKN,북경남PO,3,2,1,0,0,0,0,58,18
791,YH2,영흥2TP,3,12,1,16,2,0,0,58,18
792,BCU,북충주SS,3,5,1,29,10,0,0,58,18
793,SEB,신의정부PO,3,15,1,0,0,0,0,58,18
794,WGL,왕길SS,3,12,1,0,0,0,0,58,18
795,SMK,새만금PO,3,11,1,0,0,0,0,58,18
796,GOE,괴산SS,3,5,1,29,10,0,0,58,18
797,HHE,흥해SS,3,3,1,0,0,0,0,58,18
798,SWA,수완에너지,3,6,1,8,8,0,0,58,18
799,SJO,세종천연가스,3,4,1,8,3,0,0,58,18
800,GDT,GDT,3,13,1,0,0,0,0,58,18
801,BLC,별내에너지,3,15,1,8,8,0,0,58,18
802,PSE,풍세SS,3,4,1,0,0,0,0,58,18
803,DEG,덕산SS,3,5,1,29,10,0,0,58,18
804,SHO,삼호SS,3,6,1,29,10,0,0,58,18
805,KYA,관양SS,3,10,1,29,10,0,0,58,18
806,ADC,안동CC,3,16,1,8,5,0,0,58,18
807,BAH,방학SS,3,9,1,0,0,0,0,58,18
808,NSO,농소SS,3,3,1,0,0,0,0,58,18
809,JUC,주촌SS,3,2,1,0,0,0,0,58,18
810,NYA,남양SS,3,10,1,29,10,0,0,58,18
811,MIE,미음SS,3,8,1,0,0,0,0,58,18
812,KUM,금천SS,3,6,1,29,10,0,0,58,18
813,PCC,포천CC,3,15,1,8,8,0,0,58,18
814,OKJ,옥정SS,3,15,1,29,10,0,0,58,18
815,YJC,양주열병합,3,15,1,8,8,0,0,58,18
816,YWO,용원SS,3,8,1,0,0,0,0,58,18
817,EPS,신대연PO,3,8,1,0,0,0,0,58,18
818,EBO,응봉SS,3,4,1,0,0,0,0,58,18
819,BSN,백산SS,3,11,1,29,10,0,0,58,18
820,WNH,원흥SS,3,15,1,29,10,0,0,58,18
821,NIL,논일SS,3,7,1,0,0,0,0,58,18
822,DWJ,동원주SS,3,13,1,29,10,0,0,58,18
823,SKM,석문SS,3,4,1,0,0,0,0,58,18
824,ASC,안산복합,3,10,1,8,8,0,0,58,18
825,DGP,대구그린파워,3,3,1,8,8,0,0,58,18
826,DCC,동두천CC,3,15,1,8,4,0,0,58,18
827,THW,태화SS,3,8,1,0,0,0,0,58,18
828,MGK,매곡SS,3,8,1,0,0,0,0,58,18
829,MRY,명례SS,3,8,1,0,0,0,0,58,18
830,HRJ,한림정SS,3,2,1,0,0,0,0,58,18
831,SUYO,전력수요현황,3,14,3,0,0,0,0,58,18
832,TGP,삼척GP,3,13,1,16,5,0,0,58,18
833,SSB,소사벌SS,3,10,1,0,0,0,0,58,18
834,DUS,동울산PO,3,8,1,0,0,0,0,58,18
835,BIJUNGAG,비중앙,3,14,3,0,9,0,0,58,18
836,CBP,CBP,3,14,3,0,9,0,0,58,18
837,CES,구역전기,3,14,3,0,0,0,0,58,18
838,DICALCS,DICALCS,3,14,3,0,0,0,0,58,18
839,DMM,DMM,3,14,3,0,9,0,0,58,18
840,NCC,NCC,3,14,3,0,0,0,0,58,18
841,PERC,PERC,3,14,3,0,0,0,0,58,18
842,CWTOT,CWTOT,3,14,3,0,0,0,0,58,18
843,DGTOT,DGTOT,3,14,3,0,0,0,0,58,18
844,DJTOT,DJTOT,3,14,3,0,0,0,0,58,18
845,GCLOAD,GCLOAD,3,14,3,0,0,0,0,58,18
846,GRAND_TO,GRAND_TO,3,14,3,0,0,0,0,58,18
847,ICTOT,ICTOT,3,14,3,0,0,0,0,58,18
848,JCTOT,JCTOT,3,14,3,0,0,0,0,58,18
849,JJTOT,JJTOT,3,14,3,0,0,0,0,58,18
850,KJTOT,KJTOT,3,14,3,0,0,0,0,58,18
851,GWTOT,GWTOT,3,14,3,0,0,0,0,58,18
852,NSTOT,NSTOT,3,14,3,0,0,0,0,58,18
853,PSTOT,PSTOT,3,14,3,0,0,0,0,58,18
854,SUTOT,SUTOT,3,14,3,0,0,0,0,58,18
855,SWTOT,SWTOT,3,14,3,0,0,0,0,58,18
856,GCCLOCAL,GCCLOCAL,3,14,3,0,0,0,0,58,18
857,KPX,KPX,3,14,3,0,0,0,0,58,18
858,BHK,백학SS,3,15,1,29,10,0,0,58,18
859,DOJ,동진주SS,3,2,1,29,10,0,0,58,18
860,ACC,아산열병합,3,4,1,8,8,0,0,58,18
861,HYN,향남SS,3,10,1,0,0,0,0,58,18
862,CJRENEW,CJRENEW,3,14,3,0,8,0,0,58,18
863,SBR,신보령TP,3,4,1,16,3,0,0,58,18
864,HAG,하남열병합,3,7,1,8,8,0,0,58,18
865,SHU,신한울NP,3,16,1,19,1,0,0,58,18
866,NES,남음성SS,3,5,1,29,10,0,0,58,18
867,BDJ,북당진PO,3,4,1,0,0,0,0,58,18
868,BPT,북평TP,3,13,1,16,8,0,0,58,18
869,KJG,가정PO,3,12,1,0,0,0,0,58,18
870,KSN,경산SS,3,3,1,25,11,0,0,58,18
871,PT2,평택2CC,3,10,1,8,4,0,0,58,18
872,JWA,정왕SS,3,12,1,0,0,0,0,58,18
873,DWL,당월SS,3,8,1,0,0,0,0,58,18
874,HPG,현풍SS,3,3,1,0,0,0,0,58,18
875,SW_SPS,SW_SPS,3,10,1,0,0,0,0,58,18
876,NS_SPS,NS_SPS,3,7,1,0,0,0,0,58,18
877,SU_SPS,SU_SPS,3,9,1,0,0,0,0,58,18
878,JC_SPS,JC_SPS,3,5,1,0,0,0,0,58,18
879,WSH,왕신SS,3,3,1,0,0,0,0,58,18
880,SGG,세종PO,3,4,1,0,0,0,0,58,18
881,KOJ,고잔SS,3,12,1,0,0,0,0,58,18
882,DJ1,신당진개폐소,3,4,1,0,0,0,0,58,18
883,YOH,용현SS,3,15,1,29,10,0,0,58,18
884,GOY,고양SS,3,15,1,29,10,0,0,58,18
885,SPS,SPS,3,14,3,0,0,0,0,58,18
886,PCL,포천천연CC,3,15,1,8,8,0,0,58,18
887,JNM,파주문산CC,3,15,1,8,8,0,0,58,18
888,JJC,제주초전도,3,1,2,0,0,0,0,58,18
889,WRE,위례열병합,3,7,1,8,8,0,0,58,18
890,BDT,북동탄SS,3,10,1,0,0,0,0,58,18
891,MAK,마곡SS,3,7,1,0,0,0,0,58,18
892,SG1,서종SS,3,15,1,29,10,0,0,58,18
893,SWJ,서원주SS,3,13,1,29,10,0,0,58,18
894,KMH,금호SS,3,3,1,0,0,0,0,58,18
895,KEPCO,KEPCO,3,14,3,0,0,0,0,58,18
896,GOD,고덕PO,3,10,1,0,0,0,0,58,18
897,CCC,춘천열병합,3,13,1,8,8,0,0,58,18
898,SWM,성암SS,3,8,1,0,0,0,0,58,18
899,DTN,동탄열병합,3,10,1,8,8,0,0,58,18
900,GAN,탄천SS,3,7,1,0,0,0,0,58,18
901,SU2,서서울2PO,3,10,1,0,0,0,0,58,18
902,JUS,중산SS,3,12,1,0,0,0,0,58,18
903,NJW,남정왕SS,3,12,1,0,0,0,0,58,18
904,OGN,왜관SS,3,3,1,0,0,0,0,58,18
905,PCO,올림픽SS,3,13,1,29,10,0,0,58,18
906,JGE,정관에너지,3,8,1,8,8,0,0,58,18
907,MAD,마도SS,3,10,1,29,10,0,0,58,18
908,DSD,동송도SS,3,12,1,0,0,0,0,58,18
909,AY2,안양2CC,3,10,1,8,8,0,0,58,18
910,NAN,남안성SS,3,10,1,29,10,0,0,58,18
911,JIG,진건SS,3,15,1,29,10,0,0,58,18
912,CNS,천선개폐소,3,2,1,0,0,0,0,58,18
913,CHW,창원PO,3,2,1,0,0,0,0,58,18
914,CBPTOC,CBPTOC,3,14,3,0,9,0,0,58,18
915,TOC,신재생통합관제,3,14,3,0,9,0,0,58,18
916,CJL,제주LNGCC,3,1,2,7,3,0,0,58,18
917,HDK,합덕SS,3,4,1,0,0,0,0,58,18
918,DOD,도당SS,3,12,1,0,0,0,0,58,18
919,WIR,위례SS,3,7,1,0,0,0,0,58,18
920,HJS,현종산풍력,3,16,1,0,0,0,0,58,18
921,DTA,동탄SS,3,10,1,29,10,0,0,58,18
922,SUN,수산SS,3,2,1,29,10,0,0,58,18
923,SUL,서울CC,3,9,1,8,3,0,0,58,18
924,SPT,신평택CC,3,10,1,8,8,0,0,58,18
925,SDE,무림파워텍,3,2,1,16,8,0,0,58,18
926,GE4,SGC에너지,3,11,1,23,9,0,0,58,18
927,BNC,반천SS,3,8,1,0,0,0,0,58,18
928,OHC,오천SS,3,10,1,0,0,0,0,58,18
929,YOG,용정SS,3,15,1,29,10,0,0,58,18
930,DUST,미세먼지,3,14,3,0,0,0,0,58,18
931,NGP,남군포SS,3,10,1,29,10,0,0,58,18
932,SUC,수촌SS,3,10,1,0,0,0,0,58,18
933,SJB,신중부PO,3,5,1,0,0,0,0,58,18
934,DSJ,동상주SS,3,16,1,0,0,0,0,58,18
935,WINDTL,풍력전용선로,3,14,3,0,0,0,0,58,18
936,WHA,와촌SS,3,3,1,0,0,0,0,58,18
937,HAP,도중SS,3,16,1,0,0,0,0,58,18
938,SKU,서구지SS,3,3,1,0,0,0,0,58,18
939,GUYEOK,중앙급전구역전기,3,14,3,0,9,0,0,58,18
940,DWG,두왕SS,3,8,1,0,0,0,0,58,18
941,JIC,지축SS,3,15,1,29,10,0,0,58,18
942,SIR,시랑SS,3,8,1,0,0,0,0,58,18
943,BIU,비응SS,3,11,1,29,10,0,0,58,18
944,BDA,봉담SS,3,10,1,0,0,0,0,58,18
945,GSH,고성TP,3,2,1,16,8,0,0,58,18
946,RTUBIJUNGANG,RTU비중앙,3,14,3,0,0,0,0,58,18
947,WAK,왕곡SS,3,6,1,29,10,0,0,58,18
948,BGA,부강SS,3,4,1,0,0,0,0,58,18
949,NJC,남제주CC,3,1,2,7,5,0,0,58,18
950,BDC,북당진CS,3,4,1,0,0,0,0,58,18
951,GOC,고덕CS,3,10,1,0,0,0,0,58,18
952,SH1,삼성전자H1,3,10,1,0,0,0,0,58,18
953,SH2,삼성전자H2,3,10,1,0,0,0,0,58,18
954,GJS,금정개폐소,3,6,1,0,0,0,0,58,18
955,TAI,태안IGCC,3,4,1,23,4,0,0,58,18
956,GLS,갈산PO,3,12,1,0,0,0,0,58,18
957,ECH,의창SS,3,2,1,0,0,0,0,58,18
958,MUH,무안햇빛개폐소,3,6,1,0,12,0,0,58,18
959,DNG,둔곡SS,3,4,1,0,0,0,0,58,18
960,TNS,탄소SS,3,11,1,29,10,0,0,58,18
961,HNJ,현저SS,3,9,1,0,0,0,0,58,18
962,SIJ,시지SS,3,3,1,0,0,0,0,58,18
963,SK1,삼성전자K1,3,10,1,0,0,0,0,58,18
964,SK2,삼성전자K2,3,10,1,0,0,0,0,58,18
965,DPT,동평택SS,3,10,1,29,10,0,0,58,18
966,SOE,신서SS,3,3,1,0,0,0,0,58,18
967,DKL,덕림SS,3,6,1,29,10,0,0,58,18
968,NUS,남울산PO,3,8,1,0,0,0,0,58,18
969,WKS,왕곡실증시험장,3,6,1,0,0,0,0,58,18
970,SYU,수유SS,3,9,1,0,0,0,0,58,18
971,BAS,북안산SS,3,10,1,0,0,0,0,58,18
972,AJS,안좌스마트팜,3,6,1,0,0,0,0,58,18
973,JRA,자라빛솔라,3,6,1,0,0,0,0,58,18
974,JKN,직산SS,3,4,1,0,0,0,0,58,18
975,SCR,SGC그린파워,3,11,1,23,10,0,0,58,18
976,AIN,안인개폐소,3,13,1,0,0,0,0,58,18
977,GAT,강릉안인TP,3,13,1,16,2,0,0,58,18
978,BOS,북오송SS,3,5,1,29,10,0,0,58,18
979,NSS,낭산SS,3,11,1,29,10,0,0,58,18
980,JJJ,제주SS,3,1,2,0,0,0,0,58,18
981,CEL,신인천CELL,3,12,1,0,0,0,0,58,18
982,JNR,진례SS,3,2,1,0,0,0,0,58,18
983,GRSI,RE강릉시,3,13,1,0,0,0,0,58,18
984,YWGUN,RE영월군,3,13,1,0,0,0,0,58,18
985,CWGUN,RE철원군,3,13,1,0,0,0,0,58,18
986,CCSI,RE춘천시,3,13,1,0,0,0,0,58,18
987,TBSI,RE태백시,3,13,1,0,0,0,0,58,18
988,PCGUN,RE평창군,3,13,1,0,0,0,0,58,18
989,HSGUN,RE횡성군,3,13,1,0,0,0,0,58,18
990,BCSI,RE부천시,3,10,1,0,0,0,0,58,18
991,SNSI,RE성남시,3,10,1,0,0,0,0,58,18
992,HWSI,RE화성시,3,10,1,0,0,0,0,58,18
993,GUGUN,RE거창군,3,2,1,0,0,0,0,58,18
994,SASI,RE사천시,3,2,1,0,0,0,0,58,18
995,ERGUN,RE의령군,3,2,1,0,0,0,0,58,18
996,GJSI,RE경주시,3,16,1,0,0,0,0,58,18
997,GWGUN,RE군위군,3,16,1,0,0,0,0,58,18
998,GCSI,RE김천시,3,16,1,0,0,0,0,58,18
999,SJSI,RE상주시,3,16,1,0,0,0,0,58,18
1000,YDGUN,RE영덕군,3,16,1,0,0,0,0,58,18
1001,YYGUN,RE영양군,3,16,1,0,0,0,0,58,18
1002,UJGUN,RE울진군,3,16,1,0,0,0,0,58,18
1003,CSGUN,RE청송군,3,16,1,0,0,0,0,58,18
1004,PHSI,RE포항시,3,16,1,0,0,0,0,58,18
1005,HUDGU,RE해운대구,3,8,1,0,0,0,0,58,18
1006,GDGU,RE강동구,3,9,1,0,0,0,0,58,18
1007,MPGU,RE마포구,3,9,1,0,0,0,0,58,18
1008,SEGU,RE서구,3,12,1,0,0,0,0,58,18
1009,GCGUN,RE고창군,3,11,1,0,0,0,0,58,18
1010,GSSI,RE군산시,3,11,1,0,0,0,0,58,18
1011,BAGUN,RE부안군,3,11,1,0,0,0,0,58,18
1012,GJGUN,RE강진군,3,6,1,0,0,0,0,58,18
1013,GHGUN,RE고흥군,3,6,1,0,0,0,0,58,18
1014,MAGUN,RE무안군,3,6,1,0,0,0,0,58,18
1015,SCSI,RE순천시,3,6,1,0,0,0,0,58,18
1016,SAGUN,RE신안군,3,6,1,0,0,0,0,58,18
1017,YGGUN,RE영광군,3,6,1,0,0,0,0,58,18
1018,YAGUN,RE영암군,3,6,1,0,0,0,0,58,18
1019,WDGUN,RE완도군,3,6,1,0,0,0,0,58,18
1020,HNGUN,RE해남군,3,6,1,0,0,0,0,58,18
1021,HWGUN,RE화순군,3,6,1,0,0,0,0,58,18
1022,SGPSI,RE서귀포시,3,1,2,0,0,0,0,58,18
1023,JJSI,RE제주시,3,1,2,0,0,0,0,58,18
1024,SSSI,RE서산시,3,4,1,0,0,0,0,58,18
1025,ASSI,RE아산시,3,4,1,0,0,0,0,58,18
1026,TAGUN,RE태안군,3,4,1,0,0,0,0,58,18
1027,GSGUN,RE괴산군,3,5,1,0,0,0,0,58,18
1028,CJSI,RE청주시,3,5,1,0,0,0,0,58,18
1029,REGCCK,신재생한전육지,3,14,3,0,0,0,0,58,18
1030,RECJK,신재생한전제주,3,14,3,0,0,0,0,58,18
1031,RETOTK,신재생한전합계,3,14,3,0,0,0,0,58,18
1032,REGCC,신재생육지,3,14,3,0,12,0,0,58,18
1033,SKH,서강화SS,3,12,1,0,0,0,0,58,18
1034,KRA,고려아연,3,8,1,23,9,0,0,58,18
1035,SNA,순아SS,3,8,1,0,0,0,0,58,18
1036,SUA,순창SS,3,11,1,29,10,0,0,58,18
1037,SHA,산하SS,3,8,1,0,0,0,0,58,18
1038,DSE,덕성SS,3,10,1,29,10,0,0,58,18
1039,SPU,세풍SS,3,6,1,29,10,0,0,58,18
1040,JAA,장안SS,3,8,1,0,0,0,0,58,18
1041,UNJ,운정SS,3,15,1,29,10,0,0,58,18
1042,SMH,새만금태양광,3,11,1,29,10,0,0,58,18
1043,HCD,합천댐수상,3,2,1,0,0,0,0,58,18
1044,DEJ,대저SS,3,8,1,0,0,0,0,58,18
1045,GO2,고덕2PO,3,10,1,0,0,0,0,58,18
1046,SJA,삼성전자,3,4,1,0,0,0,0,58,18
1047,WKG,왕궁SS,3,11,1,29,10,0,0,58,18
1048,TBP,삼척BP,3,13,1,16,8,0,0,58,18
1049,SKE,이천SKE,3,10,1,23,9,0,0,58,18
1050,JGM,장암SS,3,15,1,29,10,0,0,58,18
1051,GAK,금악SS,3,1,2,26,11,0,0,58,18
1052,GDS,가덕산풍력,3,13,1,0,0,0,0,58,18
1053,HW4,포스코4CC,3,12,1,8,8,0,0,58,18
1054,YWS,영월SS,3,13,1,29,10,0,0,58,18
1055,HWD,화동SS,3,16,1,0,0,0,0,58,18
1056,IJA,신안임자,3,6,1,0,0,0,0,58,18
1057,YSE,양산열병합,3,8,1,8,8,0,0,58,18
1058,NGE,내포그린에너지,3,4,1,8,8,0,0,58,18
1059,KSS,금성산풍력,3,6,1,0,0,0,0,58,18
1060,LWH,이원호수상태양,3,4,1,29,10,0,0,58,18
1061,YLB,율북SS,3,10,1,0,0,0,0,58,18
1062,YJP,여주복합,3,10,1,8,8,0,0,58,18
1063,SCT,SCT,3,5,1,0,0,0,0,58,18
1064,IOT,IOT,3,1,2,0,10,0,0,58,18
1065,ASL,안좌쏠라씨티2,3,6,1,0,0,0,0,58,18
1066,SEL,새울NP,3,8,1,19,1,0,0,58,18
1067,YEW,영월에코윈드,3,13,1,0,0,0,0,58,18
1068,YEP,영월에코풍력,3,13,1,0,0,0,0,58,18
1069,HCM,해창만수상태양,3,6,1,0,0,0,0,58,18
1070,KMP,김포열병합,3,12,1,8,4,0,0,58,18
1071,JAE,자은주민,3,6,1,0,0,0,0,58,18
1072,EPD,읍동(임시),3,6,1,0,0,0,0,58,18
1073,GSR,구사리태양광,3,13,1,0,0,0,0,58,18
1074,CBPRENEW,CBPRENEW,3,14,3,0,9,0,0,58,18
1075,CBPKEP,CBPKEP,3,14,3,0,9,0,0,58,18
1076,CBPEIS,CBPEIS,3,14,3,0,9,0,0,58,18
1077,ELW,을왕SS,3,12,1,0,0,0,0,58,18
1078,WPH,서포항SS,3,3,1,0,0,0,0,58,18
1079,TAC,태안안면클린E,3,4,1,29,10,0,0,58,18
1080,GOK,고옥SS,3,6,1,29,10,0,0,58,18
1081,GHS,고흥수상태양,3,6,1,0,0,0,0,58,18
1082,TYG,통영CC,3,2,1,8,8,0,0,58,18
1083,UGP,울산GPS,3,8,1,8,8,0,0,58,18
1084,SHW,신시화PO,3,12,1,0,0,0,0,58,18
1085,EMP,어음풍력,3,1,2,22,10,0,0,58,18
1086,GSP,가시리풍력,3,1,2,22,10,0,0,58,18
1087,HHP,한림해상풍력,3,1,2,22,10,0,0,58,18
1088,NSJ,신세종CC,3,4,1,8,5,0,0,58,18
1089,BLO,불로SS,3,12,1,0,0,0,0,58,18
1090,SEC,청주SEC,3,5,1,23,9,0,0,58,18
1091,DAE,대소SS,3,5,1,29,10,0,0,58,18
1092,BBK,부북SS,3,2,1,25,11,0,0,58,18
1093,WDC,완도CS,3,6,1,0,0,0,0,58,18
1094,DJC,동제주변환소,3,1,2,0,0,0,0,58,18
1095,YHW,영덕해맞이풍력,3,16,1,0,0,0,0,58,18
1096,KEPEIS,한전EIS연계,3,14,3,0,0,0,0,58,18
1097,SKV,SK에코,3,1,2,22,10,0,0,58,18
1098,JBV,중부발전,3,1,2,22,10,0,0,58,18
1099,JSV,제주삼달풍력,3,1,2,22,10,0,0,58,18
1100,SEV,SK이엔에스,3,1,2,22,10,0,0,58,18
1101,DEV,두산에너빌리티,3,1,2,22,10,0,0,58,18
1102,NNV,나눔에너지,3,1,2,22,10,0,0,58,18
1103,KNV,김녕풍력,3,1,2,22,10,0,0,58,18
1104,SMV,수망풍력,3,1,2,22,10,0,0,58,18
1105,SAV,상명풍력,3,1,2,22,10,0,0,58,18
1106,DBV,동복북촌풍력,3,1,2,22,10,0,0,58,18
1107,GRU,거류SS,3,2,1,29,10,0,0,58,18
1108,GIL,강일SS,3,7,1,0,0,0,0,58,18
1109,GSE,강서SS,3,7,1,0,0,0,0,58,18
1110,MNB,문백SS,3,5,1,29,10,0,0,58,18
1111,DGC,대구열병합,3,3,1,8,8,0,0,58,18
1112,GMA,금암SS,3,10,1,29,10,0,0,58,18
1113,ENG,음성천연가스,3,5,1,8,6,0,0,58,18
1114,HGP,현대그린파워,3,4,1,23,9,0,0,58,18
1115,EDG,읍동SS,3,6,1,0,0,0,0,58,18
1116,SIA,신안SS,3,6,1,29,10,0,0,58,18
1117,JHP,전남해상풍력,3,6,1,0,0,0,0,58,18
1118,DJC_V,동제주CS,3,6,1,0,0,0,0,58,18
1119,LUV,LGU플러스,3,1,2,22,10,0,0,58,18
1120,SPV,에스플래닛,3,1,2,22,10,0,0,58,18
1121,ENV,에너닷,3,1,2,22,10,0,0,58,18
1122,HDV,한국동서,3,1,2,22,10,0,0,58,18
1123,BIG,비금주민태양,3,6,1,0,0,0,0,58,18
1124,DBA,동부안SS,3,11,1,29,10,0,0,58,18
1125,CJC,청주열병합,3,5,1,8,8,0,0,58,18
1126,HGM,황금개폐소,3,6,1,0,0,0,0,58,18
1127,DHO,대호호수상태양,3,4,1,0,0,0,0,58,18
1128,SSE,소성SS,3,11,1,29,10,0,0,58,18
1129,YSI,영신SS,3,6,1,29,10,0,0,58,18
1130,PBP,풍백풍력,3,16,1,0,0,0,0,58,18
1131,RTUJJA,RTU준중앙,3,14,3,0,9,0,0,58,18
1132,JCO,정촌SS,3,2,1,0,0,0,0,58,18
1133,DDN,대동SS,3,2,1,29,10,0,0,58,18
1134,EIS,EIS연계,3,14,3,0,10,0,0,58,18
1135,THO,태안햇들원,3,4,1,29,10,0,0,58,18
1136,NBV2,남부발전2,3,1,2,22,10,0,0,58,18
1137,HSV,한화솔루션,3,1,2,22,10,0,0,58,18
1138,SWV,한국수력원자력,3,1,2,22,10,0,0,58,18
1139,SANGYONG,상용자가,3,14,3,0,9,0,0,58,18
1140,SUK,석계SS,3,8,1,0,0,0,0,58,18
1141,SCJU,신청주PO,3,5,1,0,0,0,0,58,18
1142,SSSN,신송산PO,3,4,1,0,0,0,0,58,18
1143,DIVBJA,지역별비중앙,3,14,3,0,9,0,0,58,18
1144,MBS,면봉산풍력,3,16,1,0,0,0,0,58,18
1145,SESN,세산SS,3,8,1,0,0,0,0,58,18
1146,IHS,임하수상태양,3,16,1,0,0,0,0,58,18
1147,SOJG,소정SS,3,4,1,0,0,0,0,58,18
1148,HEG,희곡SS,3,10,1,29,10,0,0,58,18
1149,CJE,충주에코파크,3,5,1,0,0,0,0,58,18
1150,JDT,중동탄SS,3,10,1,0,0,0,0,58,18
1151,HHS,황학산풍력,3,16,1,0,0,0,0,58,18
1152,JUNJUNGANG,준중앙,3,14,3,39,10,0,0,58,18
1153,JEV,제주에너지공사,3,1,2,22,10,0,0,58,18
1154,GSV,GS풍력발전,3,1,2,22,10,0,0,58,18
1155,GEV,LG솔루션,3,1,2,22,10,0,0,58,18
1156,VPV,브이피피랩,3,1,2,22,10,0,0,58,18
1157,HJV,한국중부발전,3,1,2,22,10,0,0,58,18
1158,LEV1,LS일렉트릭1,3,1,2,22,10,0,0,58,18
1159,HEV1,해줌1,3,1,2,22,10,0,0,58,18
1160,KEV1,KT1,3,1,2,22,10,0,0,58,18
1161,GEV1,LG솔루션1,3,1,2,22,10,0,0,58,18
1162,WHN,서홍농개폐소,3,6,1,0,0,0,0,58,18
1163,GUM,구미CC,3,16,1,8,4,0,0,58,18
1164,DASN,대산개폐소,3,4,1,0,0,0,0,58,18
1165,DHS,당진행복솔라,3,4,1,0,0,0,0,58,18
1166,SBON,성본SS,3,5,1,29,10,0,0,58,18
1167,NHW,낙월해상풍력,3,6,1,0,0,0,0,58,18
1168,GDF,GS당진솔라팜,3,4,1,0,0,0,0,58,18
1169,DSSN,동송산SS,3,10,1,29,10,0,0,58,18
1170,CMD,첨단SS,3,6,1,29,10,0,0,58,18
1171,JSAN,증산SS,3,9,1,0,0,0,0,58,18
1172,BYE,방여울SS,3,10,1,0,0,0,0,58,18
1173,DBO,동비응SS,3,11,1,29,10,0,0,58,18
1174,GWW,강원풍력,3,13,1,0,0,0,0,58,18
1175,SBRC,신보령CC,3,4,1,0,0,0,0,58,18
